title,sequence,video_hash,video_url
The Pop Off,0,Qme1SJdaPBKvhjJicXNveepkxe1u6phjiGaQ3p1rEQu6K7,https://stream.mux.com/4lktyvczZ8sqX5sfdLQa48jpet4b7SF2aiAjtNxDHk4/high.mp4
The Pop Off,1,Qme1SJdaPBKvhjJicXNveepkxe1u6phjiGaQ3p1rEQu6K7,https://stream.mux.com/4lktyvczZ8sqX5sfdLQa48jpet4b7SF2aiAjtNxDHk4/high.mp4
The Pop Off,2,Qme1SJdaPBKvhjJicXNveepkxe1u6phjiGaQ3p1rEQu6K7,https://stream.mux.com/4lktyvczZ8sqX5sfdLQa48jpet4b7SF2aiAjtNxDHk4/high.mp4
Humiliation,0,Qme1SJdaPBKvhjJicXNveepkxe1u6phjiGaQ3p1rEQu6K7,https://stream.mux.com/4lktyvczZ8sqX5sfdLQa48jpet4b7SF2aiAjtNxDHk4/high.mp4
Humiliation,1,Qme1SJdaPBKvhjJicXNveepkxe1u6phjiGaQ3p1rEQu6K7,https://stream.mux.com/4lktyvczZ8sqX5sfdLQa48jpet4b7SF2aiAjtNxDHk4/high.mp4
Humiliation,2,Qme1SJdaPBKvhjJicXNveepkxe1u6phjiGaQ3p1rEQu6K7,https://stream.mux.com/4lktyvczZ8sqX5sfdLQa48jpet4b7SF2aiAjtNxDHk4/high.mp4
Takeoff,0,Qme1SJdaPBKvhjJicXNveepkxe1u6phjiGaQ3p1rEQu6K7,https://stream.mux.com/4lktyvczZ8sqX5sfdLQa48jpet4b7SF2aiAjtNxDHk4/high.mp4
Takeoff,1,Qme1SJdaPBKvhjJicXNveepkxe1u6phjiGaQ3p1rEQu6K7,https://stream.mux.com/4lktyvczZ8sqX5sfdLQa48jpet4b7SF2aiAjtNxDHk4/high.mp4
Takeoff,2,Qme1SJdaPBKvhjJicXNveepkxe1u6phjiGaQ3p1rEQu6K7,https://stream.mux.com/4lktyvczZ8sqX5sfdLQa48jpet4b7SF2aiAjtNxDHk4/high.mp4
Clip It,0,Qme1SJdaPBKvhjJicXNveepkxe1u6phjiGaQ3p1rEQu6K7,https://stream.mux.com/4lktyvczZ8sqX5sfdLQa48jpet4b7SF2aiAjtNxDHk4/high.mp4
Clip It,1,Qme1SJdaPBKvhjJicXNveepkxe1u6phjiGaQ3p1rEQu6K7,https://stream.mux.com/4lktyvczZ8sqX5sfdLQa48jpet4b7SF2aiAjtNxDHk4/high.mp4
Clip It,2,Qme1SJdaPBKvhjJicXNveepkxe1u6phjiGaQ3p1rEQu6K7,https://stream.mux.com/4lktyvczZ8sqX5sfdLQa48jpet4b7SF2aiAjtNxDHk4/high.mp4
West Coast,0,Qme1SJdaPBKvhjJicXNveepkxe1u6phjiGaQ3p1rEQu6K7,https://stream.mux.com/4lktyvczZ8sqX5sfdLQa48jpet4b7SF2aiAjtNxDHk4/high.mp4
West Coast,1,Qme1SJdaPBKvhjJicXNveepkxe1u6phjiGaQ3p1rEQu6K7,https://stream.mux.com/4lktyvczZ8sqX5sfdLQa48jpet4b7SF2aiAjtNxDHk4/high.mp4
West Coast,2,Qme1SJdaPBKvhjJicXNveepkxe1u6phjiGaQ3p1rEQu6K7,https://stream.mux.com/4lktyvczZ8sqX5sfdLQa48jpet4b7SF2aiAjtNxDHk4/high.mp4
Let's Hit the Karaoke,0,Qme1SJdaPBKvhjJicXNveepkxe1u6phjiGaQ3p1rEQu6K7,https://stream.mux.com/4lktyvczZ8sqX5sfdLQa48jpet4b7SF2aiAjtNxDHk4/high.mp4
Let's Hit the Karaoke,1,Qme1SJdaPBKvhjJicXNveepkxe1u6phjiGaQ3p1rEQu6K7,https://stream.mux.com/4lktyvczZ8sqX5sfdLQa48jpet4b7SF2aiAjtNxDHk4/high.mp4
Let's Hit the Karaoke,2,Qme1SJdaPBKvhjJicXNveepkxe1u6phjiGaQ3p1rEQu6K7,https://stream.mux.com/4lktyvczZ8sqX5sfdLQa48jpet4b7SF2aiAjtNxDHk4/high.mp4
Mini Bombing,0,Qme1SJdaPBKvhjJicXNveepkxe1u6phjiGaQ3p1rEQu6K7,https://stream.mux.com/4lktyvczZ8sqX5sfdLQa48jpet4b7SF2aiAjtNxDHk4/high.mp4
Mini Bombing,1,Qme1SJdaPBKvhjJicXNveepkxe1u6phjiGaQ3p1rEQu6K7,https://stream.mux.com/4lktyvczZ8sqX5sfdLQa48jpet4b7SF2aiAjtNxDHk4/high.mp4
Mini Bombing,2,Qme1SJdaPBKvhjJicXNveepkxe1u6phjiGaQ3p1rEQu6K7,https://stream.mux.com/4lktyvczZ8sqX5sfdLQa48jpet4b7SF2aiAjtNxDHk4/high.mp4
Posty's DB,0,Qme1SJdaPBKvhjJicXNveepkxe1u6phjiGaQ3p1rEQu6K7,https://stream.mux.com/4lktyvczZ8sqX5sfdLQa48jpet4b7SF2aiAjtNxDHk4/high.mp4
Posty's DB,1,Qme1SJdaPBKvhjJicXNveepkxe1u6phjiGaQ3p1rEQu6K7,https://stream.mux.com/4lktyvczZ8sqX5sfdLQa48jpet4b7SF2aiAjtNxDHk4/high.mp4
Posty's DB,2,Qme1SJdaPBKvhjJicXNveepkxe1u6phjiGaQ3p1rEQu6K7,https://stream.mux.com/4lktyvczZ8sqX5sfdLQa48jpet4b7SF2aiAjtNxDHk4/high.mp4
Jumpscare,0,Qme1SJdaPBKvhjJicXNveepkxe1u6phjiGaQ3p1rEQu6K7,https://stream.mux.com/4lktyvczZ8sqX5sfdLQa48jpet4b7SF2aiAjtNxDHk4/high.mp4
Jumpscare,1,Qme1SJdaPBKvhjJicXNveepkxe1u6phjiGaQ3p1rEQu6K7,https://stream.mux.com/4lktyvczZ8sqX5sfdLQa48jpet4b7SF2aiAjtNxDHk4/high.mp4
Jumpscare,2,Qme1SJdaPBKvhjJicXNveepkxe1u6phjiGaQ3p1rEQu6K7,https://stream.mux.com/4lktyvczZ8sqX5sfdLQa48jpet4b7SF2aiAjtNxDHk4/high.mp4
Will You Marry Me,0,Qme1SJdaPBKvhjJicXNveepkxe1u6phjiGaQ3p1rEQu6K7,https://stream.mux.com/4lktyvczZ8sqX5sfdLQa48jpet4b7SF2aiAjtNxDHk4/high.mp4
Will You Marry Me,1,Qme1SJdaPBKvhjJicXNveepkxe1u6phjiGaQ3p1rEQu6K7,https://stream.mux.com/4lktyvczZ8sqX5sfdLQa48jpet4b7SF2aiAjtNxDHk4/high.mp4
Will You Marry Me,2,Qme1SJdaPBKvhjJicXNveepkxe1u6phjiGaQ3p1rEQu6K7,https://stream.mux.com/4lktyvczZ8sqX5sfdLQa48jpet4b7SF2aiAjtNxDHk4/high.mp4
Teamplay,0,Qme1SJdaPBKvhjJicXNveepkxe1u6phjiGaQ3p1rEQu6K7,https://stream.mux.com/4lktyvczZ8sqX5sfdLQa48jpet4b7SF2aiAjtNxDHk4/high.mp4
Teamplay,1,Qme1SJdaPBKvhjJicXNveepkxe1u6phjiGaQ3p1rEQu6K7,https://stream.mux.com/4lktyvczZ8sqX5sfdLQa48jpet4b7SF2aiAjtNxDHk4/high.mp4
Teamplay,2,Qme1SJdaPBKvhjJicXNveepkxe1u6phjiGaQ3p1rEQu6K7,https://stream.mux.com/4lktyvczZ8sqX5sfdLQa48jpet4b7SF2aiAjtNxDHk4/high.mp4
Ludwig Premoves,0,Qme1SJdaPBKvhjJicXNveepkxe1u6phjiGaQ3p1rEQu6K7,https://stream.mux.com/4lktyvczZ8sqX5sfdLQa48jpet4b7SF2aiAjtNxDHk4/high.mp4
Ludwig Premoves,1,Qme1SJdaPBKvhjJicXNveepkxe1u6phjiGaQ3p1rEQu6K7,https://stream.mux.com/4lktyvczZ8sqX5sfdLQa48jpet4b7SF2aiAjtNxDHk4/high.mp4
Ludwig Premoves,2,Qme1SJdaPBKvhjJicXNveepkxe1u6phjiGaQ3p1rEQu6K7,https://stream.mux.com/4lktyvczZ8sqX5sfdLQa48jpet4b7SF2aiAjtNxDHk4/high.mp4
MrBeast Beats Ludwig,0,Qme1SJdaPBKvhjJicXNveepkxe1u6phjiGaQ3p1rEQu6K7,https://stream.mux.com/4lktyvczZ8sqX5sfdLQa48jpet4b7SF2aiAjtNxDHk4/high.mp4
MrBeast Beats Ludwig,1,Qme1SJdaPBKvhjJicXNveepkxe1u6phjiGaQ3p1rEQu6K7,https://stream.mux.com/4lktyvczZ8sqX5sfdLQa48jpet4b7SF2aiAjtNxDHk4/high.mp4
MrBeast Beats Ludwig,2,Qme1SJdaPBKvhjJicXNveepkxe1u6phjiGaQ3p1rEQu6K7,https://stream.mux.com/4lktyvczZ8sqX5sfdLQa48jpet4b7SF2aiAjtNxDHk4/high.mp4
B Is Closed,0,Qme1SJdaPBKvhjJicXNveepkxe1u6phjiGaQ3p1rEQu6K7,https://stream.mux.com/4lktyvczZ8sqX5sfdLQa48jpet4b7SF2aiAjtNxDHk4/high.mp4
B Is Closed,1,Qme1SJdaPBKvhjJicXNveepkxe1u6phjiGaQ3p1rEQu6K7,https://stream.mux.com/4lktyvczZ8sqX5sfdLQa48jpet4b7SF2aiAjtNxDHk4/high.mp4
B Is Closed,2,Qme1SJdaPBKvhjJicXNveepkxe1u6phjiGaQ3p1rEQu6K7,https://stream.mux.com/4lktyvczZ8sqX5sfdLQa48jpet4b7SF2aiAjtNxDHk4/high.mp4
D0cc Takes Mid,0,Qme1SJdaPBKvhjJicXNveepkxe1u6phjiGaQ3p1rEQu6K7,https://stream.mux.com/4lktyvczZ8sqX5sfdLQa48jpet4b7SF2aiAjtNxDHk4/high.mp4
D0cc Takes Mid,1,Qme1SJdaPBKvhjJicXNveepkxe1u6phjiGaQ3p1rEQu6K7,https://stream.mux.com/4lktyvczZ8sqX5sfdLQa48jpet4b7SF2aiAjtNxDHk4/high.mp4
D0cc Takes Mid,2,Qme1SJdaPBKvhjJicXNveepkxe1u6phjiGaQ3p1rEQu6K7,https://stream.mux.com/4lktyvczZ8sqX5sfdLQa48jpet4b7SF2aiAjtNxDHk4/high.mp4
